scheme_or_product_name,benefit_name,scheme_type,provider_category,provider_name,government_level,state_or_ut,financial_instrument_type,benefit_category_tags,business_stage_tags,sector_tags,msme_segment_tags,benefit_summary,benefit_calculation_logic,maximum_benefit_amount,minimum_benefit_amount,loan_amount_range,interest_rate_or_subvention,collateral_requirement,guarantee_coverage,repayment_tenure,moratorium,margin_contribution_required,application_channel,application_url,official_source_url,policy_document_url,secondary_source_url,source_type,source_confidence,active_status,active_status_evidence,priority_tier,accessibility_status,last_verified_date,notes,verification_needed,duplicate_or_related_scheme_notes
Prime Minister's Employment Generation Programme (PMEGP),Margin money subsidy for new micro units,government_scheme,central_government,Ministry of MSME (implemented by KVIC / KVIB / DIC),central,all_india,margin_money_assistance,capital_investment_subsidy|credit_access,idea_or_pre_startup|startup_early_stage,manufacturing|services,micro|women_led|sc_st_entrepreneur|artisan|rural_enterprise,Credit-linked back-ended margin money subsidy to help set up new micro enterprises in manufacturing and service/business activities. Bank finances the balance as term loan and working capital.,"Subsidy as a percentage of project cost. General category: 15pct urban / 25pct rural. Special category (SC/ST/OBC/minorities/women/ex-servicemen/PwD/NER/hill/border/aspirational): 25pct urban / 35pct rural. Max project cost: 50 lakh manufacturing, 20 lakh service/business.",1750000,unknown,unknown,not_applicable,collateral_free,not_applicable,36_to_84_months,unknown,5pct_to_10pct,open_online,https://www.kviconline.gov.in/pmegpeportal,https://msme.gov.in/1-prime-ministers-employment-generation-programme-pmegp,https://msme.gov.in/sites/default/files/Revisedguidelines07.12.2023.pdf,unknown,official_government,high_official_current,confirmed_active,Live e-portal accepting applications; revised guideline dated 07.12.2023 on msme.gov.in,tier_1_high_priority,open_online,2026-07-03,"Loans up to 10 lakh are collateral-free per RBI norms; loans above are covered under CGTMSE. Max subsidy shown is 35pct of 50 lakh manufacturing project (special category, rural).",no,Paired with the PMEGP second-loan upgradation subsidy row; credit component covered by CGTMSE row
Prime Minister's Employment Generation Programme (PMEGP),Second-loan margin money subsidy for upgradation of existing PMEGP/REGP/MUDRA units,government_scheme,central_government,Ministry of MSME (implemented by KVIC / KVIB / DIC),central,all_india,margin_money_assistance,capital_investment_subsidy|technology_upgradation|credit_access,existing_enterprise|expansion|modernization_upgradation,manufacturing|services,micro|women_led|sc_st_entrepreneur|rural_enterprise,Second dose of credit-linked subsidy for upgrading well-performing existing PMEGP/REGP/MUDRA units after successful adjustment of the first subsidy and three-year lock-in.,"15pct subsidy (20pct for NER/hill) on project cost. Max project cost for upgradation: 1 crore manufacturing (max subsidy 15 lakh, 20 lakh NER/hill); 25 lakh service/business (max subsidy 3.75 lakh, 5 lakh NER/hill).",2000000,unknown,unknown,not_applicable,collateral_free,not_applicable,36_to_84_months,unknown,10pct,open_online,https://www.kviconline.gov.in/pmegpeportal,https://msme.gov.in/1-prime-ministers-employment-generation-programme-pmegp,https://msme.gov.in/sites/default/files/Revisedguidelines07.12.2023.pdf,unknown,official_government,high_official_current,confirmed_active,Upgradation component present in revised guideline 07.12.2023; earmarked annual allocation,tier_2_segment_specific,open_online,2026-07-03,Only for existing units that completed 3-year lock-in and successfully adjusted first subsidy. Max shown is 20 lakh (NER/hill manufacturing).,no,Second component of PMEGP; see PMEGP new-unit row
Credit Guarantee Fund Trust for Micro and Small Enterprises (CGTMSE),Guarantee cover on collateral-free credit to micro and small enterprises,credit_guarantee_scheme,public_institution,CGTMSE (Ministry of MSME and SIDBI),central_backed,all_india,credit_guarantee,credit_access|collateral_substitution,startup_early_stage|existing_enterprise|all_stages,sector_agnostic,micro|small|women_led|sc_st_entrepreneur,"Provides guarantee cover to member lending institutions for collateral-free and third-party-guarantee-free credit extended to eligible micro and small enterprises, including manufacturing, services and retail/wholesale trade.","Guarantee cover 75pct to 85pct of the amount in default depending on borrower category and loan size, with an additional 5pct enhancement for women entrepreneurs (per Dec 2024 circular). Annual Guarantee Fee from 0.37pct p.a. (revised Apr 2025).",unknown,unknown,0-100000000,not_applicable,collateral_free,up_to_85pct_general_up_to_90pct_women,unknown,unknown,not_applicable,through_bank_or_financial_institution,unknown,https://www.cgtmse.in,https://www.cgtmse.in/Home/VS/96,unknown,official_institution,high_official_current,confirmed_active,CGTMSE FAQs and circulars dated 2024-25 on cgtmse.in; ceiling raised to 10 crore per borrower,tier_1_high_priority,through_bank_or_financial_institution,2026-07-03,"Ceiling of guaranteed credit is 10 crore per eligible borrower. Medium enterprises are not covered. Borrower applies via a Member Lending Institution, not directly to CGTMSE. 10pct fee concession for women/SC/ST/ZED/NER/aspirational-district units.",no,Startups use the separate CGSS scheme (up to 20 crore). Bank guarantee-backed loan products reference this scheme; CGSSD (subordinate debt) is a related distress guarantee to be captured in the credit batch.
Special Credit Linked Capital Subsidy Scheme (SCLCSS),25pct capital subsidy on plant and machinery for SC/ST-owned MSEs,government_scheme,central_government,Ministry of MSME (National SC-ST Hub),central,all_india,capital_subsidy,capital_investment_subsidy|technology_upgradation,existing_enterprise|expansion|modernization_upgradation,manufacturing|services,sc_st_entrepreneur|micro|small,"Upfront capital subsidy to SC/ST-owned micro and small enterprises for procurement of plant, machinery and equipment through institutional credit, to promote technology adoption and participation in public procurement.",25pct subsidy on institutional credit availed for plant and machinery/equipment. Overall ceiling to be confirmed against current guidelines.,unknown,unknown,unknown,not_applicable,not_applicable,not_applicable,unknown,unknown,unknown,through_bank_or_financial_institution,https://sclcss.msme.gov.in,https://sclcss.msme.gov.in,https://clcss.dcmsme.gov.in/,unknown,official_government,high_official_current,confirmed_active,Dedicated live portal sclcss.msme.gov.in with application status and beneficiary lists,tier_2_segment_specific,through_bank_or_financial_institution,2026-07-03,"Subsidy routed via nodal banks/agencies (SIDBI, NABARD and others). Overall subsidy ceiling needs confirmation from current guidelines.",yes,Special component distinct from the general CLCSS row
Credit Linked Capital Subsidy Scheme (CLCSS) - general component,15pct capital subsidy for technology upgradation (general),government_scheme,central_government,Ministry of MSME (Office of DC-MSME),central,all_india,capital_subsidy,technology_upgradation|capital_investment_subsidy,existing_enterprise|modernization_upgradation,manufacturing,micro|small,"Upfront capital subsidy to micro and small enterprises for inducting well-established and improved technology in specified sub-sectors/products, linked to a term loan from a Primary Lending Institution.","15pct subsidy on institutional finance up to 1 crore, i.e. subsidy capped at 15 lakh, on eligible plant and machinery in approved sub-sectors.",1500000,unknown,0-10000000,not_applicable,not_applicable,not_applicable,unknown,unknown,unknown,through_bank_or_financial_institution,unknown,https://www.dcmsme.gov.in/old/schemes/Credit_link_Scheme.htm,https://clcss.dcmsme.gov.in/,https://www.indiainfoline.com/knowledge-center/business-loan/know-about-clcss-for-msme,official_government,medium_official_stale,unclear_needs_verification,DC-MSME page states the general scheme is under revision; fresh-application window status is unclear,tier_3_limited_access_or_low_discoverability,unclear,2026-07-03,General CLCSS is reported to be under revision and may not be accepting fresh applications. Include only after confirming an open window. SCLCSS (SC/ST) is separately active.,yes,Sits under the CLCS-TUS umbrella; SCLCSS is the special SC/ST component
MSME Sustainable (ZED) Certification Scheme,Subsidy on cost of ZED certification,government_scheme,central_government,Ministry of MSME (QCI as implementing partner),central,all_india,reimbursement,quality_certification,existing_enterprise,manufacturing|services,micro|small|medium|women_led|sc_st_entrepreneur,"Government bears a large share of the ZED certification fee (Bronze/Silver/Gold) for registered MSMEs, reducing the cost of quality-and-sustainability certification.","Subsidy on certification cost: micro 80pct, small 60pct, medium 50pct. Additional 10pct for women/SC/ST-owned or NER/Himalayan/LWE/island/aspirational-district units, plus additional 5pct for SFURTI or MSE-CDP cluster members. Certification cost: Bronze 10000, Silver 40000, Gold 90000.",unknown,unknown,not_applicable,not_applicable,not_applicable,not_applicable,not_applicable,not_applicable,not_applicable,open_online,https://zed.msme.gov.in,https://zed.msme.gov.in/subsidy-on-cost-of-certification,https://zed.msme.gov.in/uploads/Guideline_Book.pdf,unknown,official_government,high_official_current,confirmed_active,Live zed.msme.gov.in portal with current subsidy structure and online application,tier_1_high_priority,open_online,2026-07-03,Registration is free. Women-owned MSMEs are reported to get certification effectively free across levels. Max rupee value varies by level and category; compute from the percentage grid.,no,"Part of the ZED scheme along with joining reward, handholding/tech support and testing reimbursement rows"
MSME Sustainable (ZED) Certification Scheme,ZED pledge joining reward,government_scheme,central_government,Ministry of MSME (QCI as implementing partner),central,all_india,grant,quality_certification,existing_enterprise,manufacturing|services,micro|small|medium|women_led|sc_st_entrepreneur,"One-time limited-purpose reward of 10000 to each MSME on taking the ZED pledge, to be used within a defined period for a defined purpose.",Flat 10000 per MSME on taking the ZED pledge; valid for a limited period after the pledge.,10000,10000,not_applicable,not_applicable,not_applicable,not_applicable,not_applicable,not_applicable,not_applicable,open_online,https://zed.msme.gov.in,https://zed.msme.gov.in/faqs,https://zed.msme.gov.in/uploads/Guideline_Book.pdf,unknown,official_government,high_official_current,confirmed_active,Joining reward described in current ZED FAQs on zed.msme.gov.in,tier_2_segment_specific,open_online,2026-07-03,Added benefits reported for SC/ST and women-led units. Limited-purpose and time-bound.,no,Part of the ZED scheme; see other ZED rows
MSME Sustainable (ZED) Certification Scheme,Handholding and zero-effect technology upgradation support,government_scheme,central_government,Ministry of MSME (QCI as implementing partner),central,all_india,reimbursement,quality_certification|technology_upgradation|energy_efficiency_green,existing_enterprise|modernization_upgradation,manufacturing|services,micro|small|medium|women_led|sc_st_entrepreneur,"Financial support of up to 5 lakh per ZED-certified MSME for consultancy handholding and for moving towards zero-effect solutions, pollution control or cleaner technology.","Up to 5 lakh per MSME (up to 2 lakh for handholding/consultancy and up to 3 lakh for zero-effect technology), subsidized at micro 80pct, small 60pct, medium 50pct, with the same additional 10pct/5pct enhancements as certification.",500000,unknown,not_applicable,not_applicable,not_applicable,not_applicable,not_applicable,not_applicable,not_applicable,open_online,https://zed.msme.gov.in,https://zed.msme.gov.in/gap-analysis-handholding,https://zed.msme.gov.in/uploads/Guideline_Book.pdf,unknown,official_government,high_official_current,confirmed_active,Handholding/tech-upgradation support described on current zed.msme.gov.in page,tier_2_segment_specific,open_online,2026-07-03,"Requires at least ZED Bronze certification. Tech-upgradation portion is subject to consultant recommendation, MSME-DI verification and PMAC approval.",no,Part of the ZED scheme; see other ZED rows
MSME Sustainable (ZED) Certification Scheme,Reimbursement for testing / system / product certification,government_scheme,central_government,Ministry of MSME (QCI as implementing partner),central,all_india,reimbursement,quality_certification,existing_enterprise,manufacturing|services,micro|small|medium,"After achieving a ZED certification level, MSMEs can claim reimbursement on the cost of one testing, one management-system certification or one product certification.",Subsidy on cost of one Testing OR one Management System OR one Product Certification after achieving a ZED level. Rupee cap to be confirmed from scheme guidelines (secondary sources cite up to 50000).,unknown,unknown,not_applicable,not_applicable,not_applicable,not_applicable,not_applicable,not_applicable,not_applicable,open_online,https://zed.msme.gov.in,https://zed.msme.gov.in/faqs,https://zed.msme.gov.in/uploads/Guideline_Book.pdf,https://blog.zedmsme.com/blog/government-subsidies-incentives-for-zed-certified-msmes/,official_government,medium_secondary_supported,confirmed_active,Testing/certification reimbursement confirmed in ZED FAQs; exact cap from secondary source,tier_2_segment_specific,open_online,2026-07-03,Management-system certification must be through an NABCB-accredited body. Applicable only after achieving a ZED level. Rupee cap needs official confirmation.,yes,Part of the ZED scheme; see other ZED rows
MSME Competitive (LEAN) Scheme,Subsidy on Lean implementation and consultancy cost,government_scheme,central_government,Ministry of MSME (QCI/NPC empanelled consultants),central,all_india,reimbursement,quality_certification|technology_upgradation|skilling_capacity_financial,existing_enterprise|modernization_upgradation,manufacturing,micro|small|medium|women_led|sc_st_entrepreneur,"Government contributes the bulk of the cost of Lean manufacturing implementation (5S, Kaizen, Kanban and similar tools) through empanelled consultants across Basic, Intermediate and Advanced levels.","90pct of implementation/consultancy cost borne by GoI, plus an additional 5pct for women/SC/ST-owned, SFURTI-cluster or NER units, plus an additional 5pct for units registering via Industry Associations/OEMs after completing all levels. 5000 per MSME to the OEM/Association on completion.",unknown,unknown,not_applicable,not_applicable,not_applicable,not_applicable,not_applicable,not_applicable,unknown,open_online,https://lean.msme.gov.in,https://lean.msme.gov.in/Home/FinancialAssistance,https://lean.msme.gov.in,https://www.drishtiias.com/daily-updates/daily-news-analysis/msme-competitive-lean-scheme,official_government,medium_official_stale,likely_active_but_not_recently_updated,lean.msme.gov.in shows financial assistance; but scheme guideline validity was stated till 31 March 2026,tier_2_segment_specific,open_online,2026-07-03,Scheme validity was stated up to 31 March 2026; confirm extension/continuation and per-level rupee caps (secondary sources cite up to 1.2 lakh Intermediate and 2.4 lakh Advanced).,yes,none
"MSME Innovative Scheme (Incubation, Design and IPR)",Incubation support for innovative ideas,government_scheme,central_government,Ministry of MSME (via recognized Host Institutes),central,all_india,grant,equity_seed_capital|technology_upgradation,idea_or_pre_startup|startup_early_stage,sector_agnostic,all_msme|startup_dpiit,"Financial assistance routed through recognized Host Institutes to develop and nurture innovative ideas of MSMEs and innovators, covering prototype development and commercialization support.","Up to 15 lakh per approved innovative idea to the Host Institute for developing/nurturing the idea. Separately, up to 1 crore to a Host Institute for plant and machinery to strengthen incubation facilities.",1500000,unknown,not_applicable,not_applicable,not_applicable,not_applicable,not_applicable,not_applicable,not_applicable,through_department_approval,https://innovative.msme.gov.in,https://innovative.msme.gov.in,https://dcmsme.gov.in/CLCS_TUS_Scheme/MSME%20Innovative%20Scheme%20Guidelines.pdf,unknown,official_government,high_official_current,confirmed_active,Live innovative.msme.gov.in portal; MSME Idea Hackathons run as the selection route,tier_2_segment_specific,through_department_approval,2026-07-03,"Individuals/students must apply through a recognized Host Institute. The 15 lakh per idea is a grant, not a loan. Up to 1 crore infra support is to the Host Institute, not the MSME.",no,"Amalgamation of erstwhile Incubation, Design and IPR schemes; see Design, IPR and equity rows"
"MSME Innovative Scheme (Incubation, Design and IPR)",Design project financial assistance,government_scheme,central_government,Ministry of MSME,central,all_india,grant,technology_upgradation,existing_enterprise|modernization_upgradation,sector_agnostic,micro|small|medium,"Financial assistance for engaging professional design expertise for new product development and improvement of existing products, plus support for student design projects.","Up to 40 lakh per design project for individual MSMEs (75pct for micro, 60pct for small/medium). Student design projects up to 2.5 lakh. Disbursed in phases (40pct concept, 30pct detailed design, 30pct post-prototype).",4000000,unknown,not_applicable,not_applicable,not_applicable,not_applicable,not_applicable,not_applicable,25pct_to_40pct,through_department_approval,https://innovative.msme.gov.in,https://innovative.msme.gov.in,https://dcmsme.gov.in/CLCS_TUS_Scheme/MSME%20Innovative%20Scheme%20Guidelines.pdf,https://msmecouncil.org/innovation-hub/msme-innovative-scheme/,official_government,high_official_current,confirmed_active,Design component described on current innovative.msme.gov.in and scheme guidelines,tier_2_segment_specific,through_department_approval,2026-07-03,"Beneficiary contribution is the balance of the project cost (25pct micro, 40pct small/medium). Student projects capped at 2.5 lakh.",no,"Part of MSME Innovative Scheme; see Incubation, IPR and equity rows"
"MSME Innovative Scheme (Incubation, Design and IPR)","Reimbursement for IPR registration (patent, trademark, GI, design)",government_scheme,central_government,Ministry of MSME,central,all_india,reimbursement,ip_patent_support,existing_enterprise|startup_early_stage,sector_agnostic,micro|small|medium|startup_dpiit,"One-time reimbursement of expenditure incurred by MSMEs on registering patents, trademarks, geographical indications and designs, to strengthen IP protection and commercialization.","Reimbursement caps: foreign patent up to 5 lakh, domestic patent up to 1 lakh, GI registration up to 2 lakh, design registration up to 15000, trademark up to 10000. One-time, not claimable if already claimed under another government scheme.",500000,10000,not_applicable,not_applicable,not_applicable,not_applicable,not_applicable,not_applicable,not_applicable,open_online,https://innovative.msme.gov.in/Home/IprIndex,https://innovative.msme.gov.in/Home/AboutIpr,https://dcmsme.gov.in/CLCS_TUS_Scheme/MSME%20Innovative%20Scheme%20Guidelines.pdf,unknown,official_government,high_official_current,confirmed_active,Live IPR reimbursement portal innovative.msme.gov.in/Home/IprIndex,tier_2_segment_specific,open_online,2026-07-03,"Valid Udyam registration required; claim after grant/registration of the IP, typically within one financial year.",no,"Part of MSME Innovative Scheme; see Incubation, Design and equity rows"
"MSME Innovative Scheme (Incubation, Design and IPR)",Equity support for commercialization of ideas/designs/patents,government_scheme,central_government,Ministry of MSME (corpus managed by SIDBI),central,all_india,equity_support,equity_seed_capital,startup_early_stage|expansion,sector_agnostic,micro|small|medium|startup_dpiit,"Equity support to help MSMEs commercialize proven ideas, designs and patents and scale up to raise subsequent funding, through a corpus managed by SIDBI.","Up to 1 crore equity support per case, with GoI contribution up to 80pct (80:20 ratio), managed by SIDBI as fund manager.",10000000,unknown,not_applicable,not_applicable,not_applicable,not_applicable,not_applicable,not_applicable,20pct,through_department_approval,https://innovative.msme.gov.in,https://innovative.msme.gov.in,https://dcmsme.gov.in/CLCS_TUS_Scheme/MSME%20Innovative%20Scheme%20Guidelines.pdf,https://www.klubzero.com/post/step-by-step-application-process-for-the-msme-innovative-scheme,official_government,low_needs_verification,unclear_needs_verification,Equity corpus described in guidelines; operational launch/availability needs confirmation,tier_3_limited_access_or_low_discoverability,through_department_approval,2026-07-03,Some sources indicate the equity corpus was yet to be operationalized. Confirm current availability with SIDBI/Ministry before treating as open.,yes,"Part of MSME Innovative Scheme; see Incubation, Design and IPR rows"
Micro and Small Enterprises Cluster Development Programme (MSE-CDP),Grant for Common Facility Centre (CFC),government_scheme,central_government,Ministry of MSME (Office of DC-MSME),central,all_india,grant,capital_investment_subsidy|technology_upgradation|marketing_procurement,existing_enterprise,manufacturing|sector_agnostic,micro|small,"One-time capital grant to a Special Purpose Vehicle of clustered micro and small enterprises for setting up a Common Facility Centre (shared plant, machinery, testing, plug-and-play facilities).","GoI grant is a percentage of project cost with a ceiling; assistance is 90pct of project cost for CFC projects in NER/hilly states, island territories, aspirational/LWE districts and for special-category groups, subject to a GoI-share ceiling (commonly cited at 5 crore for CFC). Land cost counts up to 25pct of project cost.",50000000,unknown,not_applicable,not_applicable,not_applicable,not_applicable,not_applicable,not_applicable,unknown,through_department_approval,https://cluster.dcmsme.gov.in,https://cluster.dcmsme.gov.in,https://dcmsme.gov.in/schemes/New%20MSE-CDP.pdf,unknown,official_government,high_official_current,confirmed_active,Live cluster.dcmsme.gov.in portal and current MSE-CDP guidelines PDF on dcmsme.gov.in,tier_2_segment_specific,through_department_approval,2026-07-03,Delivered at cluster/SPV level; individual MSEs benefit collectively via the shared facility. Infrastructure Development component supports industrial estates/flatted factory complexes (larger ceilings). Thematic interventions: 50pct grant up to 2 lakh per activity.,yes,Cluster-level scheme; ZED/Lean give extra subsidy to MSE-CDP cluster members
Procurement and Marketing Support (PMS) Scheme,"Financial assistance for market access (trade fairs, packaging, barcode)",government_scheme,central_government,Ministry of MSME (Office of DC-MSME),central,all_india,reimbursement,marketing_procurement,existing_enterprise,manufacturing|services,micro|small|women_led,"Financial support to MSEs for participating in domestic and international trade fairs/exhibitions and for adopting bar coding and modern packaging, to improve market access and marketability.","Reimbursement-based support for eligible market-access activities (e.g., stall/space with financial support calculated for up to 9 sqm, participation/travel, one-time barcode registration fee). Rates vary by activity and category; confirm current caps from guidelines.",unknown,unknown,not_applicable,not_applicable,not_applicable,not_applicable,not_applicable,not_applicable,unknown,open_online,https://www.dcmsme.gov.in,https://dcmsme.gov.in/MarketingAssistance.htm,unknown,unknown,official_government,medium_official_stale,likely_active_but_not_recently_updated,Scheme listed on dcmsme.gov.in marketing assistance page; revised PMS guidelines referenced,tier_2_segment_specific,open_online,2026-07-03,A component under Development of MSMEs (Entrepreneurship and Skill Development). Confirm current activity-wise reimbursement caps and open windows from the latest guidelines.,yes,Related to NSIC marketing/procurement support (to be captured in the sectoral-institutions batch)
Scheme of Fund for Regeneration of Traditional Industries (SFURTI),Cluster development financial assistance for traditional industries,government_scheme,central_government,"Ministry of MSME (Nodal Agencies: KVIC, Coir Board, DC-MSME)",central,all_india,grant,capital_investment_subsidy|marketing_procurement|skilling_capacity_financial,existing_enterprise|all_stages,khadi_village_industry|coir|handicrafts|handloom,artisan|rural_enterprise|micro,"Cluster-based financial assistance to organize artisans and traditional-industry units into clusters, funding Common Facility Centres, raw material banks, tools/technology upgradation, skilling and market promotion via a Special Purpose Vehicle.",Up to 2.5 crore for regular clusters (up to 500 artisans) and up to 5 crore for major clusters (more than 500 artisans). GoI funds 90pct of hard interventions for special-category/NER clusters and 75pct for others; 20pct of hard-intervention cost goes to a working-capital corpus.,50000000,unknown,not_applicable,not_applicable,not_applicable,not_applicable,not_applicable,not_applicable,unknown,through_department_approval,https://sfurti.msme.gov.in,https://sfurti.msme.gov.in,https://sfurti.msme.gov.in/WriteReadData/Circular/SFURTI_NEW.pdf,https://cleartax.in/s/scheme-fund-regeneration-traditional-industries-sfurti,official_government,high_official_current,confirmed_active,Live sfurti.msme.gov.in project management portal; revised guidelines available,tier_2_segment_specific,through_department_approval,2026-07-03,"Delivered via Implementing Agencies/SPVs (NGOs, cooperatives, producer companies); individual artisans/micro-enterprises benefit collectively. Individual PMEGP beneficiaries are not directly eligible. Min 100 artisans (50 in hilly/NER).",no,Traditional-industry cluster scheme; nodal overlap with KVIC and Coir Board schemes to be captured in the sectoral-institutions batch
Pradhan Mantri Mudra Yojana (PMMY),"Collateral-free micro loan (Shishu, Kishore, Tarun)",government_backed_financial_scheme,public_institution,MUDRA (refinance) via Member Lending Institutions; Ministry of Finance,central_backed,all_india,collateral_free_loan,credit_access|working_capital|collateral_substitution,idea_or_pre_startup|startup_early_stage|existing_enterprise,manufacturing|services|trading|agriculture_allied,micro|women_led|all_msme,"Collateral-free loans for income-generating non-corporate, non-farm micro enterprises, delivered by banks, RRBs, SFBs, NBFCs and MFIs. Covers term loan and working capital across three graded categories.",Shishu: up to 50000. Kishore: above 50000 up to 5 lakh. Tarun: above 5 lakh up to 10 lakh. Loans are collateral-free and guaranteed under the Credit Guarantee Fund for Micro Units (CGFMU) managed by NCGTC.,1000000,unknown,0-1000000,roi_varies_by_lender,collateral_free,via_cgfmu,unknown,unknown,unknown,through_bank_or_financial_institution,https://www.udyamimitra.in,https://www.mudra.org.in,https://www.mudra.org.in/offerings,unknown,official_institution,high_official_current,confirmed_active,mudra.org.in live; online applications via udyamimitra.in and jansamarth.in,tier_1_high_priority,through_bank_or_financial_institution,2026-07-03,MUDRA is a refinance institution and does not lend directly. Interest varies by lender per RBI norms. Working capital can be operated via a MUDRA Card overdraft.,no,"Tarun Plus (10-20 lakh) is a separate row. Guarantee is via CGFMU, distinct from CGTMSE."
Pradhan Mantri Mudra Yojana (PMMY),Tarun Plus collateral-free loan (10 lakh to 20 lakh),government_backed_financial_scheme,public_institution,MUDRA (refinance) via Member Lending Institutions; Ministry of Finance,central_backed,all_india,collateral_free_loan,credit_access|working_capital|collateral_substitution,existing_enterprise|expansion,manufacturing|services|trading|agriculture_allied,micro|women_led|all_msme,"Higher-ticket collateral-free MUDRA loan introduced in October 2024 for micro entrepreneurs who have already availed and fully repaid a Tarun-category loan, raising the PMMY ceiling to 20 lakh.",Loans above 10 lakh and up to 20 lakh. Available only to borrowers who previously availed and successfully repaid a Tarun loan. Guaranteed under CGFMU.,2000000,1000001,1000001-2000000,roi_varies_by_lender,collateral_free,via_cgfmu,unknown,unknown,unknown,through_bank_or_financial_institution,https://www.udyamimitra.in,https://www.mudra.org.in,https://www.pib.gov.in/PressReleaseIframePage.aspx?PRID=2069170,unknown,official_institution,high_official_current,confirmed_active,Limit enhancement notified 24 October 2024 (Union Budget 2024-25); confirmed on mudra.org.in and PIB,tier_2_segment_specific,through_bank_or_financial_institution,2026-07-03,Repeat-borrower category; not open to all applicants. CGFMU guarantee extended to cover the enhanced limit.,no,Extension of PMMY; see the Shishu/Kishore/Tarun row
Stand-Up India Scheme,Composite bank loan for SC/ST and women greenfield enterprises,government_backed_financial_scheme,central_government,Ministry of Finance (Department of Financial Services); SIDBI refinance,central_backed,all_india,term_loan,credit_access|working_capital|collateral_substitution,idea_or_pre_startup|startup_early_stage,manufacturing|services|trading|agriculture_allied,sc_st_entrepreneur|women_led,Facilitates a composite bank loan (term loan plus working capital) to at least one SC/ST borrower and one woman borrower per bank branch to set up a first-time (greenfield) enterprise.,"Composite loan between 10 lakh and 1 crore, covering up to 85pct of project cost (borrower brings minimum 10pct own contribution; 15pct margin can converge with other central/state schemes). Interest capped at the bank's lowest applicable rate not exceeding MCLR + 3pct + tenor premium.",10000000,1000000,1000000-10000000,roi_up_to_mclr_plus_3pct,partial_collateral,via_cgfsi,up_to_84_months,up_to_18_months,up_to_15pct,through_bank_or_financial_institution,https://www.standupmitra.in,https://www.standupmitra.in/Home/SUISchemes,https://www.standupmitra.in,https://www.ibef.org/government-schemes/stand-up-india,official_institution,high_official_current,confirmed_active,standupmitra.in live scheme features page; scheme extended and operational,tier_1_high_priority,through_bank_or_financial_institution,2026-07-03,Greenfield (first-time venture) only. Non-individual entities need 51pct SC/ST or woman shareholding. Backed by Credit Guarantee Fund for Stand-Up India (CGFSI) or bank collateral at bank discretion. Rupay debit card issued.,no,A new Budget 2025-26 scheme for first-time SC/ST women entrepreneurs (term loans up to 2 crore) is separate and noted as uncertain/emerging.
Credit Guarantee Scheme for Startups (CGSS),Collateral-free credit guarantee for DPIIT-recognised startups,credit_guarantee_scheme,public_institution,"NCGTC (DPIIT, Ministry of Commerce and Industry)",central_backed,all_india,credit_guarantee,credit_access|collateral_substitution|equity_seed_capital,startup_early_stage|expansion,sector_agnostic,startup_dpiit,"Provides collateral-free credit guarantee cover to banks, NBFCs and SEBI-registered venture debt funds lending to DPIIT-recognised startups, across venture debt, working capital, term loans and other debt instruments.","Guarantee ceiling 20 crore per borrower (revised 2025). Extent of cover: 85pct of amount in default for loans up to 10 crore, 75pct for loans above 10 crore. Annual Guarantee Fee 1pct p.a. for 27 Champion Sectors, otherwise 2pct (1.5pct for women/NER).",unknown,unknown,0-200000000,not_applicable,collateral_free,up_to_85pct_below_10cr_75pct_above,unknown,unknown,not_applicable,through_bank_or_financial_institution,https://www.ncgtc.in/en/product-details/CGSS/Credit-Guarantee-Scheme-for-Start-ups-(CGSS),https://www.startupindia.gov.in/content/sih/en/credit-guarantee-scheme-for-startups.html,https://www.pib.gov.in/PressReleasePage.aspx?PRID=2127843,unknown,official_institution,high_official_current,confirmed_active,DPIIT notification dated 08.05.2025 raising ceiling to 20 crore; live NCGTC and Startup India pages,tier_1_high_priority,through_bank_or_financial_institution,2026-07-03,"Startup must be DPIIT-recognised, not in default/NPA. Guarantee issued via NCGTC to Member Institutions; borrowers apply through the lender. Overlaps DPIIT/Startup India scope but placed here as a credit guarantee.",no,Startup counterpart to CGTMSE (which covers MSEs up to 10 crore). See CGTMSE row in the Ministry of MSME batch.
SIDBI Make in India Soft Loan Fund for MSMEs (SMILE),Soft loan / quasi-equity for new and expanding MSMEs,government_backed_financial_scheme,development_finance_institution,SIDBI,central_backed,all_india,soft_loan,credit_access|capital_investment_subsidy|equity_seed_capital,startup_early_stage|expansion|modernization_upgradation,manufacturing|services,micro|small|medium,"Direct SIDBI assistance combining a term loan with a soft-loan (quasi-equity) component to help new and existing MSMEs in manufacturing and services set up, expand, modernise or upgrade technology, including meeting the promoter contribution gap.",Minimum loan reported at 10 lakh (equipment) and 25 lakh (other purposes); soft-loan component functions as quasi-equity. Concessional interest reported around 2pct below market. Long repayment (up to about 10 years) with moratorium up to 36 months. Confirm current terms from SIDBI product sheet.,unknown,1000000,1000000-unknown,concessional_approx_2pct_below_market,unknown,unknown,up_to_120_months,up_to_36_months,unknown,open_online,https://www.sidbi.in,https://www.sidbi.in/home-product,unknown,https://www.indiafilings.com/business-loan/sidbi-loan,official_bank,medium_secondary_supported,confirmed_active,SMILE listed among SIDBI direct products on sidbi.in; specific figures from secondary sources,tier_2_segment_specific,open_online,2026-07-03,"Flagship SIDBI direct soft-loan scheme. Exact current ceilings, rate and tenure should be confirmed from the live SIDBI product sheet before publication.",yes,"One of several SIDBI direct products (also SEF, SPEED, STAR, 4E, ARISE, Express, PRAYAAS)"
SIDBI Trader Finance Scheme (STFS),Collateral-free finance for MSME traders/retailers/wholesalers,government_backed_financial_scheme,development_finance_institution,SIDBI,central_backed,all_india,working_capital_loan,credit_access|working_capital,existing_enterprise,trading,micro|small,"Direct SIDBI working-capital and need-based finance for MSME traders such as stockists, distributors, dealers and organised retailers, offered without collateral.",Loan reported from about 10 lakh up to 1 crore per borrower for working capital and need-based capital expenditure; repayment up to about 60 months. Applicant should be a trader in existence for at least 3 years with satisfactory financials. Confirm current terms from SIDBI.,10000000,1000000,1000000-10000000,roi_per_sidbi,collateral_free,unknown,up_to_60_months,unknown,unknown,open_online,https://www.sidbi.in,https://www.sidbi.in/other-loan-products,unknown,https://www.indiafilings.com/learn/sidbi-trader-finance-scheme-stfs,official_bank,medium_secondary_supported,likely_active_but_not_recently_updated,STFS described on SIDBI product pages; scheme parameters from secondary sources,tier_2_segment_specific,open_online,2026-07-03,"Traders already availing working-capital loans from other banks are generally not eligible. Confirm current ceiling, rate and eligibility from SIDBI before publication.",yes,One of several SIDBI direct products
SIDBI Loan for Purchase of Equipment for Enterprise's Development (SPEED),Equipment finance (up to 100pct financing),government_backed_financial_scheme,development_finance_institution,SIDBI,central_backed,all_india,term_loan,credit_access|technology_upgradation|capital_investment_subsidy,existing_enterprise|modernization_upgradation,manufacturing|services,micro|small|medium,"Direct SIDBI term loan for purchase of new machinery and equipment, offering high (up to full) financing of the equipment cost to help MSMEs modernise.","Reported up to 100pct financing, with loan up to about 1 crore for newer businesses and up to about 2 crore for enterprises operational 3+ years; repayment about 2-5 years with 3-6 month moratorium; interest around 9-10pct. Confirm current terms from SIDBI.",20000000,unknown,unknown-20000000,roi_approx_9_to_10pct,unknown,unknown,up_to_60_months,up_to_6_months,unknown,open_online,https://www.sidbi.in,https://www.sidbi.in/other-loan-products,unknown,https://www.hfs.in/sidbi-schemes-and-loan-offerings-for-msmes-the-complete-guide/,official_bank,medium_secondary_supported,likely_active_but_not_recently_updated,SPEED listed among SIDBI direct products; figures from secondary/older sources,tier_2_segment_specific,open_online,2026-07-03,"A SPEED PLUS variant is also reported. Exact current financing percentage, ceiling, rate and tenure need confirmation from SIDBI product sheets.",yes,One of several SIDBI direct products; related to SEF (SMILE Equipment Finance)
SIDBI PRAYAAS,Micro-enterprise finance via partner institutions,government_backed_financial_scheme,development_finance_institution,SIDBI (through partner institutions),central_backed,all_india,low_interest_loan,credit_access|working_capital,startup_early_stage|existing_enterprise,sector_agnostic,micro|women_led|rural_enterprise,"SIDBI-linked lending program that channels affordable credit to micro-entrepreneurs, including women-led enterprises, through partner institutions rather than direct SIDBI branches.","Need-based micro loans delivered via SIDBI partner institutions; exact ticket size, rate and tenure vary by partner and are not published centrally. Confirm current terms from SIDBI.",unknown,unknown,unknown,roi_per_partner,unknown,unknown,unknown,unknown,unknown,through_bank_or_financial_institution,https://www.sidbi.in,https://www.sidbi.in/home-product,unknown,https://www.iifl.com/blogs/business-loan/sidbi-loan-for-msme,official_bank,low_needs_verification,likely_active_but_not_recently_updated,PRAYAAS referenced as an active SIDBI micro-lending initiative; central terms not published,tier_3_limited_access_or_low_discoverability,through_bank_or_financial_institution,2026-07-03,Delivered through partner institutions; discoverability and terms are partner-dependent. A Digital PRAYAAS variant has also been reported. Needs confirmation from SIDBI.,yes,One of several SIDBI direct/partner products
Startup India Seed Fund Scheme (SISFS),Seed grant for proof of concept / prototype / product trials,startup_policy_benefit,central_government,"DPIIT (Startup India), via recognised incubators",central,all_india,grant,equity_seed_capital|technology_upgradation,idea_or_pre_startup|startup_early_stage,sector_agnostic,startup_dpiit,"Milestone-based seed grant disbursed to DPIIT-recognised early-stage startups through selected incubators, to validate proof of concept, develop prototypes or run product trials.","Up to 20 lakh as a grant, released in milestone-based instalments (prototype, product testing, market-ready product). A startup can avail the grant once. Not for facility creation.",2000000,unknown,not_applicable,not_applicable,not_applicable,not_applicable,not_applicable,not_applicable,not_applicable,open_online,https://seedfund.startupindia.gov.in,https://seedfund.startupindia.gov.in,https://seedfund.startupindia.gov.in/faq,unknown,official_government,high_official_current,confirmed_active,Live seedfund.startupindia.gov.in portal with ongoing applications; disbursals reported through 2024-25,tier_1_high_priority,open_online,2026-07-03,Startup must be DPIIT-recognised and incorporated not more than 2 years ago at application; applicant may apply to up to 3 incubators. Should not have received more than 10 lakh under other central/state schemes.,no,Paired with the SISFS debt/convertible-debenture row (up to 50 lakh)
Startup India Seed Fund Scheme (SISFS),Debt / convertible debentures for market entry and scaling,startup_policy_benefit,central_government,"DPIIT (Startup India), via recognised incubators",central,all_india,quasi_equity_support,equity_seed_capital|credit_access,startup_early_stage|expansion,sector_agnostic,startup_dpiit,"Investment through convertible debentures or debt / debt-linked instruments to DPIIT-recognised startups (via incubators) for market entry, commercialization or scaling up.","Up to 50 lakh via convertible debentures or debt/debt-linked instruments. Unsecured (no collateral/guarantee), typically low interest, tenure set by incubator up to about 5 years, with a moratorium (about 12 months). Availed once per startup.",5000000,unknown,0-5000000,low_interest_per_incubator,collateral_free,not_applicable,up_to_60_months,up_to_12_months,not_applicable,open_online,https://seedfund.startupindia.gov.in,https://seedfund.startupindia.gov.in,https://seedfund.startupindia.gov.in/faq,unknown,official_government,high_official_current,confirmed_active,Debt/convertible component described in current SISFS guidelines and FAQ on the official portal,tier_2_segment_specific,open_online,2026-07-03,"Used for market entry/commercialization/scaling only, not facility creation. Disbursed by the selected incubator, not the government directly.",no,Second instrument under SISFS; see the grant row
Fund of Funds for Startups (FFS),Indirect equity capital via SEBI-registered AIFs,startup_policy_benefit,development_finance_institution,SIDBI (operating agency); DPIIT (monitoring agency),central_backed,all_india,equity_support,equity_seed_capital,startup_early_stage|expansion,sector_agnostic,startup_dpiit,"Government-backed fund-of-funds that contributes capital to SEBI-registered Category I and II Alternative Investment Funds, which in turn invest equity in DPIIT-recognised startups. Startups do not apply directly.","Corpus of 10,000 crore contributed to AIFs; each AIF must invest at least twice the FFS contribution into eligible startups. FFS typically contributes up to about 20pct of an AIF's corpus. Benefit to a startup is the equity investment received from a participating AIF (amount varies).",unknown,unknown,not_applicable,not_applicable,not_applicable,not_applicable,not_applicable,not_applicable,not_applicable,through_bank_or_financial_institution,https://www.sidbivcf.in/en/funds/ffs,https://www.sidbivcf.in/en/funds/ffs,https://www.pib.gov.in/Pressreleaseshare.aspx?PRID=1895964,unknown,official_institution,high_official_current,confirmed_active,"sidbivcf.in shows FFS status as on 31 Dec 2025; commitments exceed 11,000 crore across 140+ AIFs",tier_3_limited_access_or_low_discoverability,through_bank_or_financial_institution,2026-07-03,"Indirect scheme: only SEBI-registered AIFs apply to SIDBI; startups access capital by approaching participating AIFs. A successor FFS 2.0 (additional 10,000 crore, focus deep-tech/climate/defence) has been notified with SIDBI as implementation agency.",no,Equity counterpart to SISFS (grant/debt) and CGSS (guarantee) in the startup financing stack
Interest Subvention Support under Export Promotion Mission (Niryat Protsahan),Interest subvention on pre and post shipment rupee export credit (MSME manufacturers),export_policy_benefit,central_government,DGFT (Ministry of Commerce and Industry); RBI reimbursement to banks,central,all_india,interest_subvention,export_support|interest_relief|working_capital,existing_enterprise|expansion,manufacturing|export_oriented,micro|small|medium|exporter,"Reduction in the interest rate on pre- and post-shipment rupee export credit for eligible MSME manufacturer exporters, continuing the erstwhile Interest Equalisation Scheme under the new Export Promotion Mission framework.","Interest subvention of about 2.75pct (historically 3pct) per annum for MSME manufacturer exporters on rupee export credit, subject to an annual per-MSME ceiling (a 50 lakh cap applied in FY 2024-25). Current rate and cap governed by DGFT trade notices under the Export Promotion Mission (Jan 2026).",unknown,unknown,not_applicable,subvention_approx_2.75pct_msme,not_applicable,not_applicable,not_applicable,not_applicable,not_applicable,through_bank_or_financial_institution,https://www.dgft.gov.in,https://www.dgft.gov.in,unknown,https://a2ztaxcorp.net/dgft-issues-amendments-to-interest-subvention-guidelines-for-pre-and-post-shipment-export-credit-under-export-promotion-mission-niryat-protsahan/,official_government,medium_secondary_supported,confirmed_active,DGFT Trade Notice 22/2025-26 dated 16 Jan 2026 governs interest subvention under EPM; export credit sanctioned on/after 02 Jan 2026 qualifies,tier_1_high_priority,through_bank_or_financial_institution,2026-07-03,"Successor to the Interest Equalisation Scheme (IES), now under the Export Promotion Mission (Niryat Protsahan, outlay 25,060 crore FY26-31). Requires a DGFT-generated UIN submitted to the bank; goods must originate in India. Confirm current rate and annual cap from the latest DGFT trade notice.",yes,Replaces the standalone IES; EPM also bundles export credit guarantee and factoring (verify separately)
Remission of Duties and Taxes on Exported Products (RoDTEP),Remission of embedded duties/taxes on exported goods,export_policy_benefit,central_government,DGFT / CBIC (Ministry of Commerce and Industry; Ministry of Finance),central,all_india,tax_reimbursement,export_support|tax_duty_relief,existing_enterprise|expansion,manufacturing|export_oriented,micro|small|medium|exporter,"Refund of embedded central, state and local duties and taxes on exported products that are not otherwise refunded (for example VAT on fuel, mandi tax, electricity duty), issued as transferable e-scrips/ledger credits.","Remission as a percentage of FOB value of exports, varying roughly from 0.5pct to 4.3pct by product HS code as notified. Credited as transferable duty credit in the exporter's electronic ledger on ICEGATE.",unknown,unknown,not_applicable,remission_0.5_to_4.3pct_fob,not_applicable,not_applicable,not_applicable,not_applicable,not_applicable,open_online,https://www.dgft.gov.in,https://www.dgft.gov.in,unknown,https://www.dgftguru.com/export-incentives-guide-for-indian-traders/,official_government,medium_secondary_supported,confirmed_active,RoDTEP is the current flagship remission scheme under FTP 2023 (successor to MEIS); processed via ICEGATE,tier_1_high_priority,open_online,2026-07-03,Available to almost all export sectors; reported that a large majority of beneficiaries are MSMEs. Exact per-product rates are notified on the DGFT/ICEGATE portal and should be checked by HS code before publication.,yes,Textile-specific RoSCTL offers separate (often higher) rates and is deferred to the sectoral batch
Export Promotion Capital Goods (EPCG) Scheme,Concessional/zero customs duty on capital goods against export obligation,export_policy_benefit,central_government,DGFT (Ministry of Commerce and Industry),central,all_india,duty_concession,export_support|tax_duty_relief|technology_upgradation,existing_enterprise|expansion|modernization_upgradation,manufacturing|export_oriented,micro|small|medium|exporter,"Allows exporters to import capital goods (machinery, spares, moulds, software) at zero or concessional customs duty, in exchange for a commitment to export goods worth a multiple of the duty saved.","Duty saved on imported capital goods, conditional on fulfilling an export obligation equal to 6 times the duty saved within 6 years (export obligation reduced by 25pct for indigenously sourced capital goods). IGST exemption also available on EPCG imports.",unknown,unknown,not_applicable,not_applicable,not_applicable,not_applicable,not_applicable,not_applicable,not_applicable,open_online,https://www.dgft.gov.in,https://www.dgft.gov.in,unknown,https://www.registrationwala.com/knowledge-base/post/business/export-promotion-schemes-for-indian-exporters,official_government,medium_secondary_supported,confirmed_active,Long-standing scheme (since 1992) continuing under Foreign Trade Policy 2023; administered by DGFT,tier_2_segment_specific,open_online,2026-07-03,"Benefit is a duty saving, not a cash transfer; failure to meet the export obligation triggers duty recovery with interest. Confirm current duty rates and EO conditions from FTP/HBP before publication.",yes,"Related duty schemes (Advance Authorisation, Duty Drawback) are broad trade facilitation and noted in methodology"
Market Access Initiative (MAI) Scheme,Financial assistance for export market development,export_policy_benefit,central_government,Department of Commerce (Ministry of Commerce and Industry),central,all_india,reimbursement,export_support|marketing_procurement,existing_enterprise|expansion,export_oriented|manufacturing|services,micro|small|medium|exporter,"Financial assistance for export-promotion activities (market studies, participation in international fairs, buyer-seller meets, branding and market development), delivered largely via Export Promotion Councils and trade bodies, benefiting MSME exporters entering new markets.",Reimbursement/financial support for eligible export-promotion activities on a component-wise basis as per scheme guidelines; specific caps vary by activity and applicant category.,unknown,unknown,not_applicable,not_applicable,not_applicable,not_applicable,not_applicable,not_applicable,unknown,through_department_approval,https://commerce.gov.in,https://commerce.gov.in,unknown,https://wareiq.com/resources/blogs/export-incentive-schemes-in-india/,official_government,medium_secondary_supported,likely_active_but_not_recently_updated,MAI listed among active export promotion schemes; some activities are being reorganised under the Export Promotion Mission (Niryat Disha),tier_2_segment_specific,through_department_approval,2026-07-03,Often accessed through Export Promotion Councils/trade bodies rather than by individual MSMEs directly. Market-access support is being consolidated under the Export Promotion Mission (Niryat Disha); confirm the current operative guidelines and caps.,yes,Related to TMA (Transport and Marketing Assistance) and Niryat Disha market-access components
NSIC Raw Material Assistance (RMA) Scheme,Credit for raw material procurement against bank guarantee,government_backed_financial_scheme,public_institution,NSIC (Ministry of MSME),central_backed,all_india,working_capital_loan,working_capital|credit_access,existing_enterprise,manufacturing|services,micro|small|medium,"NSIC finances the purchase of raw materials (indigenous and imported) for manufacturing/processing MSMEs on credit, letting them buy in bulk and focus on production. Trading activity is excluded.","Credit for raw material for up to about 90 days (extendable up to 180 days) against a bank guarantee. Concessional interest linked to the unit's rating (for example about 9.00pct p.a. for a micro unit with a valid SME-1 rating), typically ranging up to about 9.5-12pct.",unknown,unknown,unknown,roi_approx_9_to_12pct_rating_linked,collateral_required,not_applicable,up_to_180_days,not_applicable,unknown,open_offline,https://www.nsic.co.in,https://www.nsic.co.in/Corporate/AboutUs,unknown,https://www.egovtschemes.com/raw-material-assistance-scheme/,official_institution,medium_official_stale,confirmed_active,RMA described on nsic.co.in as a current credit-support scheme; applications via NSIC branches,tier_2_segment_specific,open_offline,2026-07-03,"Requires a bank guarantee as security. Only for manufacturing/service MSMEs with valid Udyam registration, not trading. Confirm current interest grid and sanction limits from NSIC.",yes,One of several NSIC financial-support schemes (see Bank Credit Facilitation and SPRS rows)
NSIC Bank Credit Facilitation Scheme (BCFS),Facilitated access to bank credit (fund and non-fund based),government_backed_financial_scheme,public_institution,"NSIC (Ministry of MSME), with partner banks",central_backed,all_india,working_capital_loan,credit_access|working_capital,existing_enterprise|expansion,manufacturing|services,micro|small|medium,"NSIC helps MSMEs obtain fund-based and non-fund-based credit limits from tie-up banks by preparing documentation and following up with banks, at no cost to the MSME.","Credit is sanctioned by the partner bank (NSIC facilitates, does not lend). Reported facilitation of loans up to about 5 crore for a single unit and up to about 15 crore for a group of units; interest per bank (about 9.5-12pct).",unknown,unknown,unknown,roi_per_bank,unknown,not_applicable,unknown,unknown,unknown,through_bank_or_financial_institution,https://www.nsic.co.in/Schemes/CreditFacilitationThroughBank,https://www.nsic.co.in/Schemes/CreditFacilitationThroughBank,unknown,https://www.bankbazaar.com/personal-loan/national-small-industries-corporation.html,official_institution,medium_official_stale,confirmed_active,Bank Credit Facilitation Scheme page live on nsic.co.in,tier_3_limited_access_or_low_discoverability,through_bank_or_financial_institution,2026-07-03,This is a facilitation service (free handholding) rather than a direct subsidy; the actual loan and its terms come from the partner bank. Included because it directly unlocks a financial benefit.,yes,Complements CGTMSE and bank MSME products captured elsewhere
NSIC Single Point Registration Scheme (SPRS),"Procurement-linked financial benefits (EMD exemption, free tenders)",government_scheme,public_institution,NSIC (Ministry of MSME),central_backed,all_india,other,marketing_procurement,existing_enterprise,manufacturing|services,micro|small,"Registration that lets micro and small enterprises participate in government and PSU tenders with financial concessions such as exemption from Earnest Money Deposit, free issue of tender documents, and participation without prior turnover/experience conditions.","Non-monetary-value benefit realised as cost savings: EMD exemption, free tender sets, and tender participation on par with larger firms. Registration is free of cost for micro and small enterprises.",unknown,unknown,not_applicable,not_applicable,not_applicable,not_applicable,not_applicable,not_applicable,not_applicable,open_online,https://www.nsic.co.in,https://www.nsic.co.in/Corporate/AboutUs,unknown,https://www.satyasupport.co.in/schemes/nsic/,official_institution,medium_official_stale,confirmed_active,SPRS described as active on NSIC pages; long-standing scheme under the Government Stores Purchase Programme,tier_2_segment_specific,open_online,2026-07-03,"Financial value is indirect (avoided EMD and tender costs, and access to reserved-item procurement/price preference under the Public Procurement Policy). Registration free for MSEs.",yes,Complements the Public Procurement Policy for MSEs (25pct procurement mandate)
Interest Subsidy Eligibility Certificate (ISEC) Scheme,Concessional 4pct interest on credit to khadi institutions,government_scheme,public_institution,KVIC (Ministry of MSME),central,all_india,interest_subvention,interest_relief|working_capital|credit_access,existing_enterprise,khadi_village_industry|textiles,artisan|rural_enterprise,Registered khadi institutions receive bank credit for capital investment and working capital at a concessional 4pct interest rate; the difference above 4pct is paid by the Government through KVIC directly to the bank.,Institution pays only 4pct per annum; KVIC pays the balance interest to the bank from its Grants budget. Applies to Capital Investment and Working Capital based on production levels and assessed requirement.,unknown,unknown,unknown,concessional_4pct_to_borrower,unknown,not_applicable,unknown,unknown,not_applicable,through_department_approval,https://www.kviconline.gov.in,https://www.pib.gov.in/PressReleasePage.aspx?PRID=2224092,unknown,https://schemesmsme.com/khadi-gramodyog-vikas-yojana/,official_government,high_official_current,confirmed_active,ISEC described as active in KVIC/PIB release (2025) under Khadi Gramodyog Vikas Yojana,tier_2_segment_specific,through_department_approval,2026-07-03,Available to KVIC-registered khadi/polyvastra institutions (not individuals directly). Part of the Khadi Gramodyog Vikas Yojana umbrella.,no,"Umbrella: Khadi Gramodyog Vikas Yojana (also MMDA, Workshed)"
Modified Market Development Assistance (MMDA) for Khadi,Production/marketing assistance on prime cost of khadi,government_scheme,public_institution,KVIC (Ministry of MSME),central,all_india,grant,marketing_procurement|capital_investment_subsidy|skilling_capacity_financial,existing_enterprise,khadi_village_industry|textiles,artisan|rural_enterprise,"Financial assistance calculated on the prime cost of khadi production, distributed among selling institutions, producing institutions and artisans, with a share passed directly to artisans/spinners/weavers as an income incentive.",Assistance at a percentage of prime cost: reported at 35pct for cotton/muslin/wool/polyvastra khadi and 20pct for silk khadi (structures have varied across MDA/MPDA/MMDA versions). A defined share is credited directly to artisans as incentive.,unknown,unknown,not_applicable,not_applicable,not_applicable,not_applicable,not_applicable,not_applicable,not_applicable,through_department_approval,https://www.kviconline.gov.in,https://www.pib.gov.in/PressReleasePage.aspx?PRID=2224092,unknown,https://schemesmsme.com/khadi-gramodyog-vikas-yojana/,official_government,medium_secondary_supported,confirmed_active,MMDA described as current KVIC assistance in 2025 PIB release; exact percentages from secondary sources,tier_2_segment_specific,through_department_approval,2026-07-03,Percentage rates and distribution split have changed across MDA/MPDA/MMDA versions; confirm the current MMDA rate and split from KVIC guidelines.,yes,"Part of Khadi Gramodyog Vikas Yojana (see ISEC, Workshed)"
Workshed Scheme for Khadi Artisans,Financial assistance for construction of artisan worksheds,government_scheme,public_institution,KVIC (Ministry of MSME),central,all_india,grant,capital_investment_subsidy|skilling_capacity_financial,existing_enterprise,khadi_village_industry|textiles,artisan|rural_enterprise,"Financial assistance to khadi artisans (with focus on BPL/weaker sections) to construct improved worksheds for spinning and weaving, including storage for raw materials, tools and finished goods.",Grant assistance for workshed construction routed via the khadi institution; per-artisan assistance amount as prescribed in KVIC guidelines (to be confirmed).,unknown,unknown,not_applicable,not_applicable,not_applicable,not_applicable,not_applicable,not_applicable,not_applicable,through_department_approval,https://www.kviconline.gov.in,https://www.pib.gov.in/PressReleasePage.aspx?PRID=2224092,unknown,unknown,official_government,medium_official_stale,likely_active_but_not_recently_updated,Listed as a current KVIC artisan-welfare scheme in 2025 PIB release; per-unit amount not stated,tier_3_limited_access_or_low_discoverability,through_department_approval,2026-07-03,Delivered through khadi institutions to artisans (focus on BPL). Confirm current per-artisan assistance amount from KVIC.,yes,"Part of Khadi Gramodyog Vikas Yojana; KVIC also runs Gramodyog Vikas Yojana toolkit programmes (Honey Mission, Kumhar Sashaktikaran) noted in methodology"
Coir Udyami Yojana (CUY),Credit-linked capital subsidy for coir units,government_scheme,public_institution,Coir Board (Ministry of MSME),central,all_india,capital_subsidy,capital_investment_subsidy|credit_access,idea_or_pre_startup|startup_early_stage,coir,micro|small|women_led|sc_st_entrepreneur|rural_enterprise,"Credit-linked subsidy to set up coir production/processing units, combining a government subsidy, a bank loan and a small beneficiary contribution.","Pattern: 40pct of project cost as GoI subsidy, 55pct bank loan, 5pct beneficiary contribution. Maximum admissible project cost 10 lakh plus one cycle of working capital (WC not exceeding 25pct of project cost; WC not subsidised). Max subsidy therefore about 4 lakh.",400000,unknown,0-1000000,roi_at_base_rate,collateral_free,unknown,up_to_84_months,bank_prescribed,5pct,open_online,http://coirservices.gov.in,http://coirboard.gov.in/?page_id=8452,http://coirboard.gov.in/?page_id=8452,https://www.creditmantri.com/coir-udyami-yojana/,official_institution,high_official_current,confirmed_active,Coir Board financial-assistance page and online portal (coirservices.gov.in) current,tier_2_segment_specific,open_online,2026-07-03,Formerly REMOT scheme. EDP training mandatory. No collateral per RBI norms for eligible loans. One person per family. No income ceiling.,no,Coir Board also runs Coir Vikas Yojana (Production Infrastructure) and Mahila Coir Yojana rows
Coir Vikas Yojana - Development of Production Infrastructure,Subsidy on equipment/infrastructure for coir units,government_scheme,public_institution,Coir Board (Ministry of MSME),central,all_india,capital_subsidy,capital_investment_subsidy|technology_upgradation,existing_enterprise|modernization_upgradation,coir,micro|small,"Subsidy towards the cost of equipment and infrastructure for setting up or modernising coir units (defibering, automatic spinning and others).","25pct of the cost of equipment and infrastructure, subject to ceilings: up to 6 lakh (defibering unit), 4 lakh (automatic spinning unit), 5 lakh (others), and 9 lakh (composite/multiple unit). For modernisation, 25pct subject to a maximum of 2 lakh.",900000,unknown,not_applicable,not_applicable,not_applicable,not_applicable,not_applicable,not_applicable,unknown,open_online,http://coirservices.gov.in,http://coirboard.gov.in/?page_id=8452,http://coirboard.gov.in/?page_id=8452,unknown,official_institution,high_official_current,confirmed_active,Described on Coir Board financial-assistance page as a current scheme,tier_2_segment_specific,open_online,2026-07-03,Ceilings vary by unit type; max shown is the composite/multiple-unit ceiling (9 lakh). Modernisation capped at 2 lakh.,no,Part of Coir Vikas Yojana; see CUY and Mahila Coir Yojana rows
Mahila Coir Yojana (MCY),75pct subsidy on coir processing equipment for rural women,government_scheme,public_institution,Coir Board (Ministry of MSME),central,all_india,capital_subsidy,capital_investment_subsidy|skilling_capacity_financial,startup_early_stage|existing_enterprise,coir,women_led|artisan|rural_enterprise,"After training, rural women artisans receive motorised ratts and other coir-processing equipment at a 75pct subsidy, plus a training-period stipend, to enable home-based coir livelihoods.","75pct subsidy on the cost of a motorised ratt/traditional ratt and other equipment, subject to a maximum of 7,500 per beneficiary, after completing a 2-month training programme (stipend of 1,000 per month during training).",7500,unknown,not_applicable,not_applicable,not_applicable,not_applicable,not_applicable,not_applicable,25pct,through_department_approval,http://coirboard.gov.in,http://coirboard.gov.in/?page_id=8452,http://coirboard.gov.in/?page_id=8452,unknown,official_institution,high_official_current,confirmed_active,Described on Coir Board financial-assistance page as a current women-artisan scheme,tier_3_limited_access_or_low_discoverability,through_department_approval,2026-07-03,"Equipment subsidy is small (max 7,500) but paired with a monthly training stipend of 1,000 for 2 months. Exclusive to rural women artisans in coir-producing regions.",no,Part of Coir Vikas Yojana (Skill Upgradation and Mahila Coir Yojana)
PM Formalisation of Micro Food Processing Enterprises (PMFME),Credit-linked capital subsidy for individual micro food units,government_scheme,central_government,Ministry of Food Processing Industries (MoFPI),central,all_india,capital_subsidy,capital_investment_subsidy|technology_upgradation|credit_access,existing_enterprise|expansion|modernization_upgradation,food_processing,micro|women_led|sc_st_entrepreneur|rural_enterprise,"Credit-linked capital subsidy to individual micro food processing units for setting up or upgrading, with a preference for One District One Product (ODOP) products.","35pct of eligible project cost as credit-linked capital subsidy, capped at 10 lakh per unit. Beneficiary brings minimum 10pct; balance is a bank loan. Repayment up to about 10 years with 6-24 month moratorium.",1000000,unknown,unknown,roi_per_bank,unknown,via_cgtmse_or_cgfmu,up_to_120_months,6_to_24_months,10pct,open_online,https://pmfme.mofpi.gov.in,https://pmfme.mofpi.gov.in,https://www.pib.gov.in/PressReleasePage.aspx?PRID=2199453,https://cleartax.in/s/pmfme-scheme,official_government,high_official_current,confirmed_active,"1,62,744 credit-linked-subsidy loans sanctioned by 31 Oct 2025 (PIB); live pmfme.mofpi.gov.in portal",tier_1_high_priority,open_online,2026-07-03,Original scheme period was 2020-21 to 2024-25 with a continuation into 2025-26; confirm current window. ODOP proposals preferred but non-ODOP also eligible. Union Bank of India is the nodal bank.,no,PMFME also provides SHG seed capital and common-infrastructure subsidy (separate rows)
PM Formalisation of Micro Food Processing Enterprises (PMFME),Seed capital to SHG members in food processing,government_scheme,central_government,Ministry of Food Processing Industries (MoFPI),central,all_india,seed_funding,equity_seed_capital|working_capital,startup_early_stage|existing_enterprise,food_processing,women_led|micro|rural_enterprise,"Seed capital provided to members of Self-Help Groups engaged in food processing, for working capital and purchase of small tools, routed through the SHG federation.","Seed capital of 40,000 per SHG member engaged in food processing, subject to a maximum of 4 lakh per SHG federation. Provided as a grant to the federation, extended to members as a loan through the SHG.",400000,40000,not_applicable,not_applicable,not_applicable,not_applicable,not_applicable,not_applicable,not_applicable,through_department_approval,https://pmfme.mofpi.gov.in,https://pmfme.mofpi.gov.in,https://www.pib.gov.in/PressReleasePage.aspx?PRID=2199453,https://cleartax.in/s/pmfme-scheme,official_government,high_official_current,confirmed_active,Seed-capital component described in current PMFME guidelines and PIB release,tier_2_segment_specific,through_department_approval,2026-07-03,"40,000 per member is a grant to the SHG federation, on-lent to members via the SHG. Distinct from the individual credit-linked subsidy.",no,Component of PMFME; see individual subsidy and common-infrastructure rows
PM Formalisation of Micro Food Processing Enterprises (PMFME),Credit-linked grant for common infrastructure and branding/marketing,government_scheme,central_government,Ministry of Food Processing Industries (MoFPI),central,all_india,capital_subsidy,capital_investment_subsidy|marketing_procurement,existing_enterprise|expansion,food_processing,micro|women_led|rural_enterprise,"Credit-linked grant to FPOs, SHGs, cooperatives and government agencies for common infrastructure (processing, storage, packaging, incubation), plus marketing and branding support for group beneficiaries.","35pct credit-linked grant for common infrastructure, subject to a maximum of 3 crore. Branding and marketing support to FPOs/SHGs/cooperatives/SPVs at 50pct of total expenditure (with DPR support up to 5 lakh from the State Nodal Agency).",30000000,unknown,unknown,roi_per_bank,unknown,unknown,unknown,unknown,unknown,through_department_approval,https://pmfme.mofpi.gov.in,https://pmfme.mofpi.gov.in,https://www.pib.gov.in/PressReleasePage.aspx?PRID=2199453,https://cleartax.in/s/pmfme-scheme,official_government,high_official_current,confirmed_active,Common-infrastructure and branding components described in current PMFME guidelines and PIB release,tier_2_segment_specific,through_department_approval,2026-07-03,Common infrastructure must be available to other units on a hiring basis for a substantial part of capacity. NAFED/TRIFED support branding and marketing.,no,Component of PMFME; see individual subsidy and SHG seed-capital rows
Production Linked Incentive Scheme for Food Processing Industry (PLISFPI),Incentive on incremental sales of processed food,government_scheme,central_government,Ministry of Food Processing Industries (MoFPI),central,all_india,reimbursement,capital_investment_subsidy|marketing_procurement,existing_enterprise|expansion,food_processing,small|medium,"Performance-linked incentive paid on incremental sales of eligible processed-food products (and for branding/marketing abroad), aimed primarily at larger food processing companies but with some components relevant to growing MSMEs.","Incentive computed as a percentage of incremental sales over a base year, subject to eligibility thresholds on minimum sales and committed investment; separate support for branding/marketing abroad. Thresholds generally favour mid-to-large firms.",unknown,unknown,not_applicable,incentive_on_incremental_sales,not_applicable,not_applicable,not_applicable,not_applicable,not_applicable,through_department_approval,https://www.mofpi.gov.in,https://www.mofpi.gov.in,unknown,unknown,official_government,medium_official_stale,likely_active_but_not_recently_updated,PLISFPI is an approved MoFPI scheme; application windows are periodic and eligibility is threshold-based,tier_3_limited_access_or_low_discoverability,periodic_window,2026-07-03,"Primarily targets larger food processing firms (minimum sales/investment thresholds); MSME applicability is limited to specific components (for example millet-based products, SME/innovative categories). Confirm current window and thresholds.",yes,Complements PMFME (which targets micro units); different instrument (incentive vs subsidy)
Agri Clinics and Agri Business Centres (ACABC) Scheme,Credit-linked composite subsidy for agri-entrepreneurs,government_scheme,central_government,Ministry of Agriculture and Farmers Welfare (NABARD as subsidy channelising agency),central_backed,all_india,capital_subsidy,capital_investment_subsidy|credit_access|skilling_capacity_financial,idea_or_pre_startup|startup_early_stage,agriculture_allied|services,youth_first_generation|women_led|sc_st_entrepreneur|rural_enterprise,"Supports agriculture graduates/diploma holders to set up agri-clinics and agri-business ventures, providing free training and handholding plus a bank loan with a back-ended credit-linked composite subsidy.","Credit-linked back-ended composite subsidy of 36pct of project cost for general category and 44pct for SC/ST, women, NER and hill-area candidates. Individual project ceiling commonly cited around 20 lakh (higher for group ventures). NABARD channels the subsidy.",unknown,unknown,unknown,roi_per_bank,collateral_free,unknown,unknown,unknown,unknown,through_bank_or_financial_institution,https://www.agriclinics.net,https://www.nabard.org/content1.aspx?id=595&catid=23&mid=23,unknown,unknown,official_institution,high_official_current,confirmed_active,NABARD page shows FY2024-25 continuation circular and 2025 revised programme instructions; beneficiary list to 31.03.2025,tier_2_segment_specific,through_bank_or_financial_institution,2026-07-03,"Eligibility limited to agriculture/allied graduates, diploma or PG holders as specified. Confirm current subsidy ceiling and project-cost limits from the 2025 revised guidelines.",yes,Ministry of Agriculture scheme with NABARD as channelising agency; relevant to agri-allied MSMEs
Agriculture Infrastructure Fund (AIF),3pct interest subvention and guarantee for agri-infrastructure,government_scheme,central_government,Ministry of Agriculture and Farmers Welfare (NABARD/banks as lenders),central_backed,all_india,interest_subvention,interest_relief|credit_access|capital_investment_subsidy,existing_enterprise|expansion,agriculture_allied|food_processing,micro|small|medium|rural_enterprise,"Financing facility for post-harvest management and community farming assets and agri-processing infrastructure, offering an interest subvention and credit-guarantee support on eligible loans.","Interest subvention of 3pct per annum on loans up to 2 crore, for up to 7 years. Credit-guarantee cover available (for example via CGTMSE) on eligible loans up to 2 crore. Loans above 2 crore are eligible for the facility without the subvention on the excess.",unknown,unknown,0-20000000,subvention_3pct_up_to_2cr,collateral_free,via_cgtmse_up_to_2cr,up_to_84_months,unknown,unknown,open_online,https://agriinfra.dac.gov.in,https://agriinfra.dac.gov.in,unknown,https://kip4business.com/nabard-subsidy-and-agriculture-infrastructure-fund-a-comprehensive-guide/,official_government,medium_secondary_supported,confirmed_active,AIF is an ongoing central scheme with a live application portal (agriinfra.dac.gov.in),tier_2_segment_specific,open_online,2026-07-03,"Eligible beneficiaries include FPOs, agri-entrepreneurs, startups, primary processing units and others. Relevant to agri-allied and food-processing MSMEs. Confirm current subvention cap and eligible-activity list.",yes,Complements PMFME for food-processing/storage infrastructure
Rebate of State and Central Taxes and Levies (RoSCTL) Scheme,Rebate of embedded state/central taxes on apparel and made-ups exports,export_policy_benefit,central_government,Ministry of Textiles (DGFT for scrip issuance),central,all_india,tax_reimbursement,export_support|tax_duty_relief,existing_enterprise|expansion,textiles|export_oriented,micro|small|medium|exporter,"Rebate of embedded state and central taxes and levies on exports of readymade garments/apparel and made-ups, issued as transferable, saleable duty-credit scrips based on FOB value.",Rebate as a percentage of FOB value per notified schedule; reported maximum around 6.05pct for apparel and 8.2pct for made-ups. Claimed via online ANF 4R on the DGFT portal with a digital signature. Textile products not covered under RoSCTL fall under RoDTEP.,unknown,unknown,not_applicable,rebate_up_to_6.05pct_apparel_8.2pct_madeups,not_applicable,not_applicable,not_applicable,not_applicable,not_applicable,open_online,https://www.dgft.gov.in,https://texmin.nic.in,unknown,https://exportexpertsglobal.com/export-incentives/,official_government,medium_secondary_supported,confirmed_active,"Ministry of Textiles confirmed RoSCTL as being implemented for apparel/made-ups (Rajya Sabha reply, 20 Mar 2026)",tier_2_segment_specific,open_online,2026-07-03,"Textile-specific counterpart to RoDTEP, generally at higher rates. Confirm current per-item rates from the notified RoSCTL schedule.",yes,Related to RoDTEP (C3) which covers non-RoSCTL textile lines
ECGC Export Credit Insurance,Export credit insurance cover for exporters and banks,government_backed_financial_scheme,public_institution,ECGC Ltd (Ministry of Commerce and Industry),central_backed,all_india,insurance_support,export_support|insurance_risk_cover|credit_access,existing_enterprise|expansion,export_oriented|manufacturing|services,micro|small|medium|exporter,"Export credit insurance from ECGC that protects exporters against non-payment by overseas buyers and protects banks lending export credit, improving MSME exporters' access to and cost of credit.",Cover up to about 90pct of principal and interest for banks on export credit; enhanced 90pct cover for banks on export credit loans up to 50 crore (raised from 20 crore) effective 01.10.2025; collateral-free cover under WT-ECIB; concessional premiums for small exporters.,unknown,unknown,not_applicable,not_applicable,collateral_free,up_to_90pct,not_applicable,not_applicable,not_applicable,through_bank_or_financial_institution,https://www.ecgc.in,https://www.ecgc.in,unknown,https://www.technicaltextiles.in/assessment-of-imports-in-textile-industry/,official_institution,medium_secondary_supported,confirmed_active,ECGC enhancements for MSME exporters effective 01.10.2025 confirmed in Ministry of Textiles Rajya Sabha reply (20 Mar 2026),tier_2_segment_specific,through_bank_or_financial_institution,2026-07-03,"Benefit is risk cover/insurance, not a cash transfer; it lowers lenders' risk and improves credit access and pricing for MSME exporters. NIRVIK is the enhanced-cover branding. Confirm current products and premiums from ecgc.in.",yes,"Complements export finance rows (interest subvention, CGSE)"
Credit Guarantee Scheme for Exporters (CGSE),Additional collateral-free working capital for MSME exporters,credit_guarantee_scheme,central_government,Ministry of Commerce and Industry (under Export Promotion Mission),central,all_india,credit_guarantee,export_support|credit_access|working_capital|collateral_substitution,existing_enterprise|expansion,export_oriented|manufacturing,micro|small|medium|exporter,"Guarantee-backed additional working-capital credit for eligible exporters, particularly MSMEs, enabling collateral-free access over and above existing limits under the Export Promotion Mission.","Provides additional credit support of up to 20pct of existing working-capital limits to eligible borrowers, particularly MSMEs, by enabling collateral-free access under a guarantee.",unknown,unknown,unknown,not_applicable,collateral_free,unknown,unknown,unknown,not_applicable,through_bank_or_financial_institution,https://www.commerce.gov.in,https://commerce.gov.in,unknown,https://www.technicaltextiles.in/assessment-of-imports-in-textile-industry/,official_government,medium_secondary_supported,likely_active_but_not_recently_updated,"CGSE approved under the Export Promotion Mission (Ministry of Textiles Rajya Sabha reply, 20 Mar 2026); operational rollout to confirm",tier_2_segment_specific,through_bank_or_financial_institution,2026-07-03,Recently approved under the Export Promotion Mission; operational guidelines and lender onboarding should be confirmed before publication. This is the export credit-guarantee component flagged during C3.,yes,Part of the Export Promotion Mission (Niryat Protsahan); complements the interest subvention row in C3
PM Vishwakarma Scheme,Collateral-free Enterprise Development Loan (two tranches),government_scheme,central_government,Ministry of MSME,central,all_india,collateral_free_loan,credit_access|interest_relief|collateral_substitution,existing_enterprise|expansion,handicrafts|manufacturing|services,artisan|micro|women_led|sc_st_entrepreneur|obc_entrepreneur,"Collateral-free enterprise loan to registered artisans/craftspeople in 18 traditional trades, in two tranches at a concessional 5pct interest, with government interest subvention and a graded credit guarantee.",Tranche 1 up to 1 lakh (18-month repayment); tranche 2 up to 2 lakh (30-month repayment) after repaying tranche 1 and completing advanced training or adopting digital transactions. Beneficiary pays 5pct; GoI provides 8pct interest subvention. CGTMSE graded portfolio guarantee.,300000,unknown,0-300000,5pct_to_borrower_8pct_subvention,collateral_free,graded_cgtmse_portfolio,18_to_30_months,unknown,not_applicable,open_offline,https://pmvishwakarma.gov.in,https://pmvishwakarma.gov.in,unknown,https://cleartax.in/s/pradhan-mantri-vishwakarma-scheme,official_government,high_official_current,confirmed_active,"pmvishwakarma.gov.in live; 4.7 lakh loans worth ~41,188 crore sanctioned by Aug 2025 (IBEF/PIB)",tier_1_high_priority,open_offline,2026-07-03,Registration via Common Service Centres with Aadhaar biometrics. Basic training required before tranche 1. Not for those who took PMEGP/PM SVANidhi/MUDRA in the last 5 years. Scheme runs FY2023-24 to FY2027-28.,no,Also provides toolkit incentive and stipend/digital incentive (separate rows)
PM Vishwakarma Scheme,Toolkit incentive (e-voucher),government_scheme,central_government,Ministry of MSME,central,all_india,grant,capital_investment_subsidy|technology_upgradation,existing_enterprise,handicrafts|manufacturing,artisan|micro|women_led|sc_st_entrepreneur,"One-time toolkit incentive provided as an e-RUPI voucher to registered artisans at the start of basic training, to buy modern trade-specific tools. It is a grant, not a loan.","Flat 15,000 e-voucher per beneficiary, after skill verification, at the start of basic training. Usable only to purchase tools (not withdrawable as cash).",15000,15000,not_applicable,not_applicable,not_applicable,not_applicable,not_applicable,not_applicable,not_applicable,open_offline,https://pmvishwakarma.gov.in,https://pmvishwakarma.gov.in,unknown,https://cleartax.in/s/pradhan-mantri-vishwakarma-scheme,official_government,high_official_current,confirmed_active,Toolkit e-voucher described in current scheme guidelines; over 6 lakh beneficiaries given tools/loans by Sep 2024 (PIB),tier_2_segment_specific,open_offline,2026-07-03,"e-RUPI voucher, tool-purchase only. Delivered after skill assessment at the start of basic training.",no,Component of PM Vishwakarma; see loan and stipend/digital rows
PM Vishwakarma Scheme,Training stipend and digital-transaction incentive,government_scheme,central_government,Ministry of MSME,central,all_india,grant,skilling_capacity_financial,existing_enterprise,handicrafts|manufacturing|services,artisan|micro|women_led|sc_st_entrepreneur,Cash support to registered artisans: a daily stipend during skill training and a small per-transaction incentive to encourage adoption of digital payments.,"Training stipend of 500 per day during basic (5-7 days) and advanced (15+ days) training. Digital-transaction incentive of 1 per eligible digital transaction, capped at 100 transactions per month.",unknown,unknown,not_applicable,not_applicable,not_applicable,not_applicable,not_applicable,not_applicable,not_applicable,open_offline,https://pmvishwakarma.gov.in,https://pmvishwakarma.gov.in,unknown,https://anantamias.com/pm-vishwakarma-yojana-details/,official_government,high_official_current,confirmed_active,Stipend and digital-incentive components described in current scheme guidelines,tier_3_limited_access_or_low_discoverability,open_offline,2026-07-03,Combined here as two small cash incentives under one benefit. Stipend value depends on number of training days; digital incentive capped at 100/month.,no,Component of PM Vishwakarma; see loan and toolkit rows
Trade Receivables Discounting System (TReDS),Collateral-free invoice discounting of MSME receivables,government_backed_financial_scheme,public_institution,"RBI-regulated TReDS platforms (RXIL, M1xchange, Invoicemart, KredX DTX)",central_backed,all_india,invoice_discounting,working_capital|credit_access,existing_enterprise|expansion,manufacturing|services|trading,micro|small|medium,"RBI-regulated digital platforms let MSME suppliers sell their invoices raised on large corporates, PSUs and government departments to banks/NBFCs through competitive bidding, obtaining early, collateral-free, non-recourse payment.",MSME receives the discounted invoice value upfront; financiers bid competitively (reported effective rates around 5-8pct per annum). No collateral and no recourse to the MSME if the buyer defaults.,unknown,unknown,not_applicable,discount_approx_5_to_8pct,collateral_free,not_applicable,invoice_tenor,not_applicable,not_applicable,open_online,https://www.sidbi.in/treds,https://www.sidbi.in/treds,unknown,https://blucrest.in/treds-platform-a-practical-guide/,official_institution,high_official_current,confirmed_active,"RBI-regulated; buyer onboarding mandatory for companies above 250 crore turnover and CPSEs (by 31 Mar 2025); ~1.38 lakh crore financed FY24, growing",tier_1_high_priority,open_online,2026-07-03,"Benefit is early liquidity on receivables, not a subsidy. Requires the buyer to also be on a TReDS platform. GeM Sahay is a related invoice-based financing facility for GeM sellers (noted in methodology).",no,Related to invoice_discounting under SIDBI/RXIL; complements working-capital schemes
RBI Collateral-Free Lending Norm for Micro and Small Enterprises,Mandatory collateral-free credit up to 20 lakh (25 lakh discretionary),government_backed_financial_scheme,public_institution,Reserve Bank of India,central,all_india,collateral_free_loan,credit_access|collateral_substitution,startup_early_stage|existing_enterprise|all_stages,manufacturing|services|sector_agnostic,micro|small,"RBI regulatory mandate under which banks and NBFCs cannot demand collateral for loans to micro and small enterprises up to a specified ceiling, improving formal-credit access for asset-light small businesses.","Mandatory no-collateral for MSE loans up to 20 lakh (raised from 10 lakh), effective 01 April 2026 under the Lending to MSME Sector (Amendment) Directions, 2026. Banks may extend collateral-free loans up to 25 lakh for units with a good track record and sound financials. Also applies to PMEGP-financed units. Credit guarantee (for example CGTMSE) may be used.",unknown,unknown,0-2500000,not_applicable,collateral_free,via_cgtmse_where_applicable,not_applicable,not_applicable,not_applicable,through_bank_or_financial_institution,https://www.rbi.org.in,https://www.rbi.org.in,unknown,https://taxguru.in/rbi/rbi-expanded-collateral-free-msme-loans-rs-25-lakh-norms.html,official_institution,high_official_current,confirmed_active,"RBI Lending to MSME Sector (Amendment) Directions, 2026 raise the mandatory collateral-free limit to 20 lakh, effective 01 Apr 2026",tier_1_high_priority,through_bank_or_financial_institution,2026-07-03,"This is a lending norm (regulatory benefit), not a scheme with an application; it underpins collateral-free access across bank MSE lending. Voluntary pledge of gold/silver within the limit is not treated as a violation.",no,"Interacts with CGTMSE, PMEGP, MUDRA and bank MSME products captured in other batches"
National Livestock Mission - Entrepreneurship Development (NLM-EDP),50pct capital subsidy for livestock entrepreneurship,government_scheme,central_government,Department of Animal Husbandry and Dairying,central,all_india,capital_subsidy,capital_investment_subsidy|credit_access,idea_or_pre_startup|startup_early_stage|expansion,agriculture_allied,micro|small|women_led|sc_st_entrepreneur|rural_enterprise,"Credit-linked capital subsidy to entrepreneurs, FPOs, SHGs and companies for setting up livestock ventures (poultry, sheep, goat, piggery, feed and fodder units), to promote private investment and employment in animal husbandry.","50pct capital subsidy of eligible project cost, with component ceilings: up to 25 lakh (rural poultry), up to 50 lakh (sheep/goat and feed/fodder units), up to 30 lakh (piggery). Beneficiary brings a minimum share; balance via bank loan. Land, personal vehicles and working capital are excluded from subsidy.",5000000,unknown,unknown,roi_per_bank,unknown,unknown,unknown,unknown,25pct,open_online,https://nlm.udyamimitra.in,https://dahd.gov.in,unknown,https://kipfinancial.com/government-subsidy-with-national-livestock-mission-nlm-2025-a-game-changer-for-livestock-entrepreneurs/,official_government,medium_secondary_supported,confirmed_active,NLM entrepreneurship component described as current (2025-26) with a live application route via udyamimitra,tier_2_segment_specific,open_online,2026-07-03,"Ministry of Fisheries, Animal Husbandry and Dairying scheme; relevant to agri-allied/rural MSMEs. DPR and bank sanction required. Confirm current component ceilings from DAHD guidelines.",yes,Earlier NLM-EDEG/DEDS windows were closed; this is the current entrepreneurship component
NABARD Credit-Linked Capital Subsidy for Warehousing/Godowns,Capital subsidy for construction of agri storage/godown,government_scheme,development_finance_institution,NABARD (with financing banks),central_backed,all_india,capital_subsidy,capital_investment_subsidy|credit_access,existing_enterprise|expansion,agriculture_allied|food_processing,micro|small|medium|rural_enterprise,"Credit-linked capital subsidy channelled via NABARD for construction/renovation of rural godowns and agri-storage infrastructure, benefiting agri-allied MSMEs, FPOs and rural entrepreneurs.","Subsidy on eligible project cost with a permissible construction cost cap (reported around 3,000 per MT). Reported rates: 33.33pct (max about 50 lakh) for FPOs, panchayats, women, SC/ST and SHGs; 25pct (max about 37.5 lakh) for other categories.",5000000,unknown,unknown,roi_per_bank,unknown,unknown,unknown,unknown,unknown,through_bank_or_financial_institution,https://www.nabard.org,https://www.nabard.org,unknown,https://kipfinancial.com/nabard-subsidy-on-warehouse/,official_institution,medium_secondary_supported,likely_active_but_not_recently_updated,Described as a current NABARD credit-linked capital subsidy for godown construction; figures from secondary sources,tier_3_limited_access_or_low_discoverability,through_bank_or_financial_institution,2026-07-03,"Overlaps with the Agriculture Marketing Infrastructure (AMI) sub-scheme and the Agriculture Infrastructure Fund. Confirm the current operative window, rates and ceilings from NABARD.",yes,Related to AIF and AMI (agri-storage/marketing infrastructure)
National SC-ST Hub (NSSH),Financial incentives for SC/ST MSEs (reimbursements and procurement support),government_scheme,central_government,"Ministry of MSME (National SC-ST Hub, implemented by NSIC)",central,all_india,reimbursement,marketing_procurement|quality_certification|skilling_capacity_financial,existing_enterprise,manufacturing|services|sector_agnostic,sc_st_entrepreneur|micro|small,"A set of financial incentives to help SC/ST-owned MSEs participate in public procurement and build capacity, including reimbursements for e-commerce membership, training and certification, and support linked to the special SC/ST capital subsidy.","Includes reimbursement of e-commerce portal membership fees (for example GeM, TRIFED) at 80pct or maximum 25,000 per financial year, reimbursement of top-institute short-course fees, and other procurement-participation support. Linked to SCLCSS (25pct capital subsidy, captured in the Ministry of MSME batch).",25000,unknown,not_applicable,not_applicable,not_applicable,not_applicable,not_applicable,not_applicable,not_applicable,open_online,https://www.scsthub.in,https://www.scsthub.in,unknown,unknown,official_government,medium_official_stale,confirmed_active,scsthub.in describes current financial-assistance components; scheme reviewed by MSME Minister in Aug 2024,tier_2_segment_specific,open_online,2026-07-03,Bundles several small financial incentives for SC/ST MSEs. Max shown is the e-commerce membership reimbursement cap; other components (course-fee and certification reimbursements) have separate caps to confirm. SCLCSS is the linked capital subsidy.,yes,Linked to SCLCSS (Ministry of MSME batch) and NSIC SPRS